iter	mode	J_meanT	J_obj	J_aug	DissPower	outletT	solid_frac	solid_g	flow_m3s	deltaP_m2s2	wall_thickness	g_meanT	pen_meanT	g_disspower	pen_disspower	mu_penalty	g_oh	pen_oh	mu_oh	grad_norm	delta_x	elapsed_s	alphaMax
1	pressure	18.852	978.015	978.711	978.015	276.819	0.4002	4.8443	2e-07	4.904	0.2	288.9	0	nan	0	10000	0.01148	0.6964	8100	107.9	nan	12.8	4.444e+07
2	pressure	18.686	1126.72	1127.31	1126.72	276.244	0.4032	4.8805	2e-07	5.659	0.2	288.7	0	nan	0	10000	0.009465	0.5873	9720	112.1	18.84	12.9	4.444e+07
3	pressure	21.055	924.153	924.841	924.153	278.303	0.3983	4.8213	2e-07	4.63	0.2	291.1	0	nan	0	10000	0.01016	0.6878	9720	406	18.84	13.3	4.444e+07
4	pressure	16.909	1001.7	1002.56	1001.7	276.939	0.4016	4.8602	2e-07	5.03	0.2	286.9	0	nan	0	10000	0.01042	0.864	11660	109.5	16.53	13.7	4.444e+07
